{
  "bookings": [
    {
      "id": 1,
      "bookingDate": "01-02-2017",
      "userName": "Pedro",
      "kayakName": "Flying dagger"
    },
    {
      "id": 2,
      "bookingDate": "12-02-2017",
      "userName": "Alexandra",
      "kayakName": "Dixie"
    },
    {
      "id": 3,
      "bookingDate": "13-02-2017",
      "userName": "Pedro",
      "kayakName": "Calamity Jane"
    },
    {
      "id": 4,
      "bookingDate": "21-02-2017",
      "userName": "Carla",
      "kayakName": "Blackbeard"
    },
    {
      "id": 5,
      "bookingDate": "22-02-2017",
      "userName": "Pedro",
      "kayakName": "Dixie"
    },
    {
      "id": 6,
      "bookingDate": "01-03-2017",
      "userName": "Heinrich",
      "kayakName": "Tumle"
    },
    {
      "id": 7,
      "bookingDate": "02-03-2017",
      "userName": "Carla",
      "kayakName": "Dixie"
    },
    {
      "id": 8,
      "bookingDate": "03-03-2017",
      "userName": "Hassan",
      "kayakName": "Dixie"
    },
    {
      "id": 9,
      "bookingDate": "09-03-2017",
      "userName": "Alexandra",
      "kayakName": "Tumle"
    },
    {
      "id": 10,
      "bookingDate": "10-03-2017",
      "userName": "Dorthe",
      "kayakName": "Tumle"
    },
    {
      "id": 11,
      "bookingDate": "10-03-2017",
      "userName": "Hassan",
      "kayakName": "Dixie"
    },
    {
      "id": 12,
      "bookingDate": "10-03-2017",
      "userName": "Dorthe",
      "kayakName": "Calamity Jane"
    },
    {
      "id": 13,
      "bookingDate": "11-04-2017",
      "userName": "Alexandra",
      "kayakName": "Blackbeard"
    },
    {
      "id": 14,
      "bookingDate": "11-04-2017",
      "userName": "Dorthe",
      "kayakName": "Flying dagger"
    },
    {
      "id": 15,
      "bookingDate": "12-04-2017",
      "userName": "Hassan",
      "kayakName": "Blackbeard"
    },
    {
      "id": 16,
      "bookingDate": "13-04-2017",
      "userName": "Heinrich",
      "kayakName": "Calamity Jane"
    },
    {
      "id": 17,
      "bookingDate": "14-10-2017",
      "userName": "Carla",
      "kayakName": "Blackbeard"
    },
    {
      "id": 18,
      "bookingDate": "14-11-2017",
      "userName": "Heinrich",
      "kayakName": "Flying dagger"
    }
  ]
}